epoch,train_loss,val_loss,lr
1,0.27805999702465883,0.20071572558317108,0.001
2,0.18402335516364784,0.17943907180673585,0.001
3,0.1776429746260227,0.19436926427908238,0.001
4,0.1691514657434995,0.1826556930546482,0.001
5,0.1681771950664119,0.1739225236316634,0.001
6,0.16095618639849898,0.16435890851047752,0.001
7,0.1623652960359115,0.17110178460134923,0.001
8,0.15896831463136094,0.1644930310748466,0.001
9,0.15661797307230585,0.163823238696157,0.001
10,0.15620312311704698,0.16215429786646507,0.001
11,0.15372270759141304,0.17305083748722555,0.001
12,0.1516094311875363,0.16458094370716858,0.001
13,0.14495159820311487,0.17350269374200852,0.001
14,0.14764407716752295,0.16052872472432747,0.001
15,0.14872996074107184,0.15698352581438446,0.001
16,0.14365051010458707,0.16559461064108197,0.001
