feature,score,original_position,ranking
egfr_ml_min,0.906619,5,1
creatinine_mgdl,0.174328,2,2
albumin_gdl,0.010859,0,3
vitamin_b12_pgml,0.005165,14,4
wbc_10^9_per_L,0.005091,16,5
crp_mgL,0.004319,3,6
y_rbc_10^12_per_L,0.003605,17,7
folate_ngml,0.003441,7,8
plt_10^9_per_L,0.003318,11,9
smoker,0.003304,13,10
iron_ugdl,0.003155,9,11
heart_rate_bpm,0.003016,8,12
ferritin_ngml,0.002468,6,13
sbp_mmHg,0.002366,12,14
alcohol_units_per_week,0.002289,1,15
vitamin_d_ngml,0.001966,15,16
dbp_mmHg,0.001933,4,17
physical_activity_level,0.001403,10,18
